Ref,Val,Package,PosX,PosY,Rot,Side
"U1","S11142-10","S11142-10",-100.000000,-100.000000,0.000000,bottom
"U18","S11142-10","S11142-10",-141.053400,-100.000000,180.000000,bottom
